division,category,subcategory
Apparel,Outerwear,Jacket
Apparel,Outerwear,Leather Jacket
Apparel,Outerwear,Coat
Apparel,Outerwear,Fur Coat
Apparel,Outerwear,Cape
Apparel,Outerwear,Parka
Apparel,Outerwear,Vest
Apparel,Outerwear,Blazer
Apparel,Outerwear,Trench coat
Apparel,Outerwear,Poncho
Apparel,T-shirt,T-shirt
Apparel,T-shirt,Polo shirt
Apparel,Tops,Shirt
Apparel,Tops,Blouse
Apparel,Tops,Tunic
Apparel,Tops,Top
Apparel,Tops,Body
Apparel,Tops,Hoodie
Apparel,Tops,Sweatshirt
Apparel,Tops,Knit sweater
Apparel,Tops,Roll-neck
Apparel,Tops,Cardigan
Apparel,Bottoms,Jeans
Apparel,Bottoms,Trousers
Apparel,Bottoms,Sweatpants
Apparel,Bottoms,Bermudas
Apparel,Bottoms,Leggings
Apparel,Bottoms,Shorts
Apparel,Bottoms,Skirt
Apparel,Dresses,Dresses
Apparel,Dresses,Mini dress
Apparel,Dresses,Midi dress
Apparel,Dresses,Maxi dress
Apparel,Suits & Sets,Suits
Apparel,Suits & Sets,Sets
Apparel,Dresses,Jumpsuit
Apparel,Sleepwear,Pajama Set
Apparel,Sleepwear,Nightdress
Apparel,Sleepwear,Robe
Apparel,Underwear,Bra & Undershirt
Apparel,Underwear,Briefs
Apparel,Underwear,Boxers
Apparel,Underwear,Panties
Apparel,Underwear,Underwear set
Apparel,Underwear,Underwear other
Apparel,Underwear,Socks
Apparel,Underwear,Tights
Apparel,Underwear,Stockings
Apparel,Swimwear,Bikini
Apparel,Swimwear,One-Piece
Apparel,Swimwear,Swim Shorts
Apparel,Swimwear,Swim Bottom
Apparel,Swimwear,Swim Top
Apparel,Swimwear,Cover-Up
Apparel,Swimwear,Towel
Footware,Sneakers,Sneakers
Footware,Boots,Boots
Footware,Boots,Boots high heels
Footware,Boots,Boots mid heels
Footware,Boots,Boots flat heels
Footware,Court shoes,Court shoes
Footware,Court shoes,Court shoes high heels
Footware,Court shoes,Court shoes mid heels
Footware,Court shoes,Court shoes flat heels
Footware,Sandals,Sandals
Footware,Sandals,Sandals high heels
Footware,Sandals,Sandals mid heels
Footware,Sandals,Sandals flat heels
Footware,Slippers,Slippers
Footware,Slippers,Flip-flops
Footware,Slippers,Slides
Footware,Slippers,Home slippers
Footware,Slippers,Clogs
Footware,Shoes,Shoes
Footware,Shoes,Formal Shoes
Footware,Shoes,Casual Shoes
Footware,Shoes,Loafers
Footware,Shoes,Flat shoes
Accesories,Bags,Bags
Accesories,Bags,Handbag
Accesories,Bags,Suitcase
Accesories,Bags,Lap-top
Accesories,Bags,Backpack
Accesories,Small Leather Goods,Small Leather Goods
Accesories,Small Leather Goods,Wallets
Accesories,Small Leather Goods,Phone
Accesories,Belts,Belts
Accesories,Soft Accessories,Soft Accessories
Accesories,Soft Accessories,Gloves
Accesories,Soft Accessories,Hats
Accesories,Soft Accessories,Caps
Accesories,Soft Accessories,Scarf/Bandana
Accesories,Sunglasses,Sunglasses
Accesories,Jewelry,Jewelry
Accesories,Jewelry,Necklace
Accesories,Jewelry,Bracelet
Accesories,Jewelry,Ring
Accesories,Jewelry,Earrings
Accesories,Jewelry,Other Jewelry
Accesories,Watches,Watches
Accesories,Ties & Bowties,Ties & Bowties
Accesories,Ties & Bowties,Tie
Accesories,Ties & Bowties,Bowtie
Accesories,Fragrance,Fragrance
Accesories,Other Accessories,Other Accessories
